,Brand Name,OS,Ram Type,RAM,Processor,GPU,Warranty,ScreenSize,Disk Type,DISK SIZE,Price
0,Lenovo,Windows,DDR4,8,Intel,Others,2,14.0,SSD,256,10.51843
1,Lenovo,Windows,DDR4,8,Intel,Others,2,15.6,SSD,512,10.59641
2,ASUS,Windows,DDR4,8,Intel,Others,1,15.6,SSD,512,10.40399
3,HP,Windows,DDR4,8,AMD,AMD,1,15.6,SSD,512,10.819598
4,ASUS,Windows,DDR4,8,Intel,Others,1,15.6,SSD,512,10.819598
5,HP,Windows,DDR4,8,Intel,Others,1,14.0,SSD,256,10.51843
6,DELL,Windows,DDR4,8,Intel,Others,1,15.6,HDD,1024,10.571086
7,RedmiBook,Windows,DDR4,8,Intel,Others,1,15.6,SSD,512,10.59641
8,Others,Windows,DDR4,8,Intel,Others,1,14.0,SSD,256,10.757711
9,ASUS,Windows,DDR4,16,AMD,AMD,1,14.0,SSD,512,10.714218
10,HP,Windows,DDR4,8,AMD,AMD,1,15.6,SSD,512,11.00195
11,Lenovo,Windows,DDR4,8,AMD,AMD,2,15.6,SSD,512,10.56375
12,ASUS,Windows,DDR4,8,Intel,Others,1,15.6,SSD,256,10.40399
13,ASUS,Windows,DDR4,8,AMD,AMD,1,15.6,SSD,512,10.877877
14,acer,Windows,DDR4,8,Intel,Others,1,15.6,SSD,256,10.308653
15,ASUS,Windows,DDR5,16,AMD,Others,1,15.6,SSD,1024,12.190913
16,ASUS,Windows,DDR4,8,Intel,Others,1,15.6,HDD,1024,10.778769
17,ASUS,Windows,DDR4,8,Intel,Others,1,15.6,SSD,512,10.736201
18,MSI,Windows,DDR4,8,AMD,AMD,1,15.6,SSD,512,10.778769
19,ASUS,Windows,DDR4,16,AMD,Others,1,15.6,SSD,1024,11.361998
20,APPLE,Mac,DDR4,8,Others,Others,1,14.0,SSD,256,11.396291
21,HP,Windows,DDR4,8,Intel,Others,1,14.0,SSD,512,10.621108
22,Lenovo,Others,Others,4,Intel,Intel,1,15.6,HDD,256,9.877708
23,Lenovo,Windows,DDR4,8,AMD,AMD,2,15.6,SSD,512,10.479848
24,HP,Windows,DDR4,8,Intel,Others,1,15.6,SSD,512,11.097274
25,RedmiBook,Windows,DDR4,8,Intel,Others,1,15.6,SSD,512,10.59641
26,Lenovo,Windows,DDR4,8,Intel,Others,2,15.6,SSD,512,10.59641
27,ASUS,Windows,DDR5,16,AMD,Others,1,15.6,SSD,1024,12.190913
28,acer,Windows,DDR4,16,Intel,Others,1,15.6,SSD,512,10.98514
29,Others,Windows,DDR4,8,Intel,Others,1,14.0,SSD,256,10.757711
30,Lenovo,Windows,DDR4,8,AMD,AMD,2,15.6,SSD,512,10.56375
31,ASUS,Windows,DDR4,16,AMD,Others,1,15.6,SSD,1024,11.361998
32,acer,Windows,DDR4,8,AMD,AMD,1,15.6,SSD,256,10.126271
33,acer,Windows,DDR4,8,AMD,AMD,1,15.6,SSD,512,10.778769
34,ASUS,Windows,DDR4,8,AMD,AMD,1,15.6,SSD,512,11.211699
35,Lenovo,Windows,DDR4,8,Intel,Others,2,15.6,SSD,512,10.887269
36,Lenovo,Windows,DDR4,8,AMD,AMD,2,15.6,SSD,512,10.479848
37,ASUS,Windows,DDR4,16,AMD,Others,1,15.6,SSD,1024,11.924975
38,Lenovo,Windows,DDR4,8,Intel,Others,1,15.6,SSD,512,10.858826
39,ASUS,Windows,DDR4,16,Intel,Others,1,15.6,SSD,512,11.112313
40,Lenovo,Windows,DDR4,8,Intel,Others,2,14.0,SSD,256,10.51843
41,ASUS,Windows,DDR5,16,AMD,Others,1,15.6,SSD,1024,12.180709
42,acer,Windows,DDR4,16,AMD,AMD,1,15.6,SSD,512,10.858826
43,HP,Windows,DDR4,8,AMD,AMD,1,14.0,SSD,256,10.165505
44,acer,Windows,DDR4,8,AMD,AMD,1,15.6,SSD,512,10.491024
45,ASUS,Windows,DDR4,8,Intel,Others,1,15.6,SSD,512,10.69174
46,Lenovo,Windows,DDR4,8,AMD,AMD,2,15.6,SSD,512,10.714218
47,Lenovo,Windows,DDR4,8,AMD,AMD,1,15.6,SSD,512,11.074281
48,ASUS,Windows,DDR4,8,Intel,Others,1,15.6,SSD,256,10.621108
49,ASUS,Windows,DDR4,8,Intel,Others,1,14.0,SSD,512,10.571086
50,Lenovo,Windows,DDR4,8,Intel,Others,2,14.0,SSD,256,10.51843
51,RedmiBook,Windows,DDR4,8,Intel,Others,1,15.6,SSD,512,10.59641
52,HP,Windows,DDR4,8,Intel,Others,1,15.6,SSD,512,10.98514
53,Others,Windows,DDR4,8,Intel,Intel,1,14.0,SSD,512,11.00195
54,acer,Windows,DDR4,8,Intel,Others,1,15.6,SSD,512,10.778769
55,HP,Windows,DDR4,8,AMD,AMD,1,15.6,SSD,512,10.532096
56,ASUS,Windows,DDR5,16,AMD,Others,1,15.6,SSD,1024,12.190913
57,Lenovo,Windows,DDR4,8,AMD,AMD,2,15.6,SSD,512,10.56375
58,ASUS,Windows,DDR4,8,AMD,Others,1,15.6,SSD,1024,11.461537
59,ASUS,Windows,DDR4,8,Intel,Others,1,15.6,SSD,512,10.40399
60,ASUS,Windows,DDR4,16,AMD,Others,1,15.6,SSD,1024,11.361998
61,Lenovo,Windows,DDR4,8,AMD,AMD,2,15.6,SSD,512,10.479848
62,ASUS,Windows,DDR4,4,Intel,Intel,1,14.0,SSD,256,10.085434
63,HP,Windows,DDR4,16,AMD,AMD,1,14.0,SSD,512,10.799392
64,APPLE,Mac,Others,8,Others,Others,1,15.6,SSD,512,11.849334
65,ASUS,Windows,DDR4,16,AMD,AMD,1,15.6,SSD,512,11.407465
66,ASUS,Windows,DDR4,16,AMD,Others,1,15.6,SSD,1024,11.924975
67,Lenovo,Windows,DDR4,8,Intel,Others,2,15.6,SSD,512,10.59641
68,ASUS,Windows,DDR4,8,AMD,Others,1,15.6,SSD,1024,11.00195
69,DELL,Windows,DDR4,16,AMD,NVIDIA,1,15.6,SSD,512,11.170308
70,ASUS,Windows,DDR5,16,AMD,Others,1,15.6,SSD,1024,12.180709
71,Lenovo,Windows,DDR4,8,AMD,AMD,2,15.6,SSD,512,10.714218
72,Infinix,Windows,Others,8,Intel,Intel,1,14.0,SSD,256,10.042858
73,HP,Windows,DDR4,8,AMD,AMD,1,15.6,SSD,512,10.757711
74,ASUS,Windows,DDR4,8,Intel,Others,1,15.6,HDD,1024,10.839404
75,Infinix,Windows,Others,8,Intel,Others,1,14.0,SSD,256,10.274741
76,RedmiBook,Windows,DDR4,8,Intel,Others,1,15.6,SSD,512,10.59641
77,Lenovo,Windows,DDR4,8,AMD,AMD,2,15.6,SSD,512,10.56375
78,MSI,Windows,DDR4,16,Intel,Others,2,15.6,SSD,512,11.350301
79,APPLE,Mac,Others,16,Others,Others,1,14.0,SSD,512,12.111712
80,ASUS,Windows,DDR5,16,AMD,Others,1,15.6,SSD,1024,12.190913
81,ASUS,Windows,DDR4,16,AMD,Others,1,15.6,SSD,1024,11.361998
82,MSI,Windows,DDR4,16,AMD,Others,1,15.6,SSD,1024,11.608154
83,Others,Windows,Others,4,Others,Others,1,15.6,SSD,128,10.40399
84,Infinix,Windows,Others,16,Intel,Others,1,15.6,SSD,512,10.545105
85,APPLE,Mac,Others,8,Others,Others,1,15.6,SSD,512,11.849334
86,Lenovo,Windows,DDR4,8,AMD,AMD,2,15.6,SSD,512,10.479848
87,ASUS,Windows,DDR4,16,AMD,Others,1,15.6,SSD,1024,11.924975
88,Lenovo,Windows,DDR4,4,Intel,Others,1,15.6,SSD,256,10.308653
89,Lenovo,Others,DDR4,4,Intel,Others,1,15.6,SSD,128,9.877708
90,Lenovo,Windows,DDR4,8,Intel,Others,2,14.0,SSD,256,10.51843
91,Lenovo,Windows,DDR4,8,AMD,AMD,1,15.6,SSD,512,11.204918
92,ASUS,Windows,DDR4,8,AMD,Others,1,15.6,HDD,1024,10.877877
93,HP,Windows,DDR4,8,Intel,Others,1,15.6,SSD,512,10.642826
94,DELL,Windows,DDR4,8,Intel,Intel,1,15.6,SSD,256,10.323152
95,acer,Windows,DDR4,8,Intel,Others,1,15.6,SSD,512,10.462846
96,Lenovo,Others,DDR4,4,Intel,Others,1,15.6,SSD,128,9.877708
97,Lenovo,Windows,DDR4,4,Intel,Others,1,15.6,SSD,256,10.308653
98,APPLE,Mac,DDR4,8,Others,Others,1,14.0,SSD,256,11.396291
99,Lenovo,Windows,DDR4,8,Intel,Others,2,14.0,SSD,256,10.51843
100,MSI,Windows,DDR4,8,Intel,Others,2,15.6,SSD,512,11.097274
101,ASUS,Windows,DDR4,8,Intel,Others,1,15.6,SSD,512,10.419032
102,HP,Windows,DDR4,16,Intel,Others,1,14.0,SSD,512,11.018481
103,Lenovo,Windows,DDR4,8,Intel,Others,2,15.6,SSD,512,10.59641
104,HP,Windows,DDR4,8,AMD,AMD,1,15.6,SSD,512,10.757711
105,ASUS,Windows,DDR4,16,AMD,AMD,1,15.6,SSD,512,11.00195
106,MSI,Windows,DDR4,16,Intel,Others,2,15.6,SSD,1024,11.652609
107,RedmiBook,Windows,DDR4,8,Intel,Others,1,15.6,SSD,512,10.59641
108,ASUS,Windows,DDR4,16,Intel,Others,1,15.6,SSD,1024,11.695172
109,Infinix,Windows,Others,8,Intel,Others,1,15.6,SSD,512,10.668746
110,ASUS,Windows,Others,16,Intel,Others,1,15.6,SSD,512,11.407465
111,Lenovo,Windows,DDR4,8,AMD,AMD,2,15.6,SSD,512,10.56375
112,MSI,Windows,DDR4,8,AMD,AMD,1,15.6,SSD,512,11.289669
113,ASUS,Windows,DDR4,8,Intel,Others,1,15.6,SSD,1024,11.170308
114,Lenovo,Windows,DDR4,8,Intel,Others,1,15.6,SSD,256,10.4312
115,ASUS,Windows,DDR5,16,AMD,Others,1,15.6,SSD,1024,12.190913
116,Others,Windows,DDR4,8,Intel,Intel,1,14.0,SSD,512,11.00195
117,Infinix,Windows,Others,16,Intel,Others,1,15.6,SSD,512,10.877877
118,APPLE,Mac,DDR4,16,Others,Others,1,14.0,SSD,512,11.735997
119,ASUS,Windows,DDR4,16,AMD,Others,1,15.6,SSD,1024,11.361998
120,RedmiBook,Windows,DDR4,8,Intel,Others,1,15.6,SSD,256,10.37321
121,acer,Windows,DDR4,16,AMD,AMD,1,15.6,SSD,512,11.112313
122,DELL,Windows,DDR4,16,AMD,NVIDIA,1,15.6,SSD,512,11.397312
123,Lenovo,Windows,DDR4,8,Intel,Others,2,14.0,SSD,256,10.51843
124,APPLE,Mac,DDR4,8,Others,Others,1,14.0,SSD,512,11.56163
125,Lenovo,Windows,DDR4,8,Intel,Others,2,15.6,SSD,512,10.887269
126,ASUS,Windows,Others,8,Intel,Others,1,15.6,SSD,256,10.736201
127,Lenovo,Windows,DDR4,8,Intel,Others,2,15.6,SSD,512,10.59641
128,ASUS,Windows,DDR4,8,Intel,Others,1,15.6,SSD,512,10.736201
129,MSI,Windows,DDR4,8,Intel,Others,2,15.6,SSD,512,10.858826
130,HP,Windows,DDR4,16,AMD,AMD,1,15.6,SSD,512,11.23837
131,RedmiBook,Windows,DDR4,8,Intel,Others,1,15.6,SSD,512,10.59641
132,Lenovo,Windows,DDR4,8,Intel,Others,2,15.6,SSD,256,10.51843
133,HP,Windows,DDR4,16,Intel,Others,1,14.0,SSD,512,11.274681
134,HP,Windows,DDR4,8,AMD,AMD,1,15.6,SSD,512,10.288444
135,Lenovo,Windows,DDR4,8,AMD,AMD,2,15.6,SSD,512,10.56375
136,Infinix,Windows,Others,8,Intel,Others,1,14.0,SSD,256,10.341452
137,Lenovo,Windows,DDR4,16,Intel,Others,2,15.6,SSD,512,11.042778
138,ASUS,Windows,DDR4,16,Intel,Others,1,15.6,SSD,512,11.407465
139,ASUS,Windows,DDR5,16,AMD,Others,1,15.6,SSD,1024,12.190913
140,HP,Windows,DDR4,8,Intel,Others,1,15.6,SSD,512,10.983597
141,MSI,Windows,DDR4,16,Intel,Others,2,15.6,SSD,512,11.361998
142,DELL,Windows,DDR4,8,AMD,Others,1,14.0,HDD,1024,10.407289
143,ASUS,Windows,DDR4,16,AMD,Others,1,15.6,SSD,1024,11.361998
144,Lenovo,Windows,DDR4,8,AMD,AMD,1,15.6,SSD,512,11.204918
145,Lenovo,Windows,DDR4,8,Intel,Others,1,15.6,HDD,1024,11.058654
146,Lenovo,Windows,DDR4,8,Intel,Others,2,14.0,SSD,256,10.51843
147,Lenovo,Windows,DDR4,8,Intel,Others,2,15.6,SSD,512,10.59641
148,ASUS,Windows,DDR4,8,AMD,AMD,1,14.0,SSD,512,10.571086
149,HP,Windows,DDR4,8,Intel,Others,1,15.6,SSD,512,11.1271305
150,RedmiBook,Windows,DDR4,8,Intel,Others,1,15.6,SSD,512,10.59641
151,ASUS,Windows,DDR5,16,AMD,Others,1,15.6,SSD,1024,12.190913
152,HP,Windows,DDR4,8,Intel,Others,1,15.6,SSD,512,10.591396
153,APPLE,Mac,Others,16,Others,Others,1,15.6,SSD,1024,12.396656
154,APPLE,Mac,DDR4,8,Others,Others,1,14.0,SSD,512,11.56163
155,DELL,Windows,DDR4,8,AMD,AMD,1,15.6,SSD,512,10.649962
156,Lenovo,Windows,DDR4,8,AMD,AMD,2,15.6,SSD,512,10.56375
157,ASUS,Windows,DDR4,16,AMD,Others,1,15.6,SSD,1024,11.361998
158,ASUS,Windows,DDR4,8,Intel,Others,1,14.0,SSD,512,10.59641
159,ASUS,Windows,DDR5,16,Intel,Others,1,15.6,SSD,1024,11.5128355
160,Lenovo,Windows,DDR4,8,AMD,AMD,2,15.6,SSD,512,10.479848
161,ASUS,Windows,DDR4,16,AMD,Others,1,15.6,SSD,1024,11.924975
162,APPLE,Mac,Others,32,Others,Others,1,15.6,SSD,1024,12.642684
163,ASUS,Windows,DDR4,16,Intel,Others,1,15.6,HDD,1024,11.082005
164,ASUS,Windows,DDR4,16,AMD,AMD,1,15.6,SSD,512,11.407465
165,ASUS,Windows,DDR4,16,AMD,AMD,1,15.6,SSD,512,11.361998
166,ASUS,Windows,DDR5,16,AMD,Others,1,15.6,SSD,1024,12.180709
167,Lenovo,Windows,DDR4,8,AMD,AMD,2,15.6,SSD,512,10.714218
168,APPLE,Mac,Others,16,Others,Others,1,14.0,SSD,1024,12.314887
169,Others,Others,Others,4,Intel,Intel,1,14.0,SSD,128,9.679781
170,Lenovo,Windows,DDR4,8,Intel,Others,2,14.0,SSD,256,10.51843
171,Lenovo,Windows,DDR4,8,Intel,Others,2,15.6,SSD,512,10.59641
172,DELL,Windows,DDR4,8,Intel,Others,1,15.6,HDD,1024,10.734242
173,ASUS,Windows,Others,16,Intel,Others,1,15.6,SSD,512,11.289669
174,ASUS,Windows,DDR4,8,Intel,Others,1,14.0,SSD,512,10.950648
175,DELL,Windows,DDR4,8,AMD,AMD,1,15.6,SSD,256,10.462846
176,RedmiBook,Windows,DDR4,8,Intel,Others,1,15.6,SSD,512,10.59641
177,ASUS,Windows,DDR5,16,AMD,Others,1,15.6,SSD,1024,12.190913
178,DELL,Windows,DDR4,8,Intel,Others,1,15.6,SSD,512,10.682377
179,Lenovo,Windows,DDR4,16,AMD,AMD,2,14.0,SSD,512,11.225123
180,Lenovo,Windows,DDR4,8,AMD,AMD,2,15.6,SSD,512,10.56375
181,ASUS,Windows,DDR4,16,AMD,Others,1,15.6,SSD,1024,11.361998
182,Lenovo,Windows,DDR4,8,Intel,Others,2,15.6,SSD,512,10.531857
183,Infinix,Windows,Others,4,Intel,Intel,1,14.0,SSD,128,9.951849
184,MSI,Windows,DDR4,16,Intel,Others,2,15.6,SSD,512,11.608154
185,ASUS,Windows,Others,16,Intel,Others,1,15.6,SSD,512,11.184297
186,Lenovo,Windows,DDR4,8,AMD,AMD,2,15.6,SSD,512,10.479848
187,ASUS,Windows,DDR4,16,AMD,Others,1,15.6,SSD,1024,11.924975
188,Infinix,Windows,Others,8,Intel,Others,1,14.0,SSD,512,10.40399
189,MSI,Windows,DDR4,8,AMD,AMD,1,14.0,SSD,512,10.69174
190,Lenovo,Windows,DDR4,8,AMD,AMD,1,15.6,SSD,512,11.204918
191,ASUS,Windows,DDR5,16,AMD,Others,1,15.6,SSD,1024,12.180709
192,acer,Windows,DDR4,8,AMD,AMD,1,14.0,SSD,256,10.165505
193,ASUS,Windows,DDR4,16,Intel,Others,1,15.6,SSD,1024,11.719867
194,acer,Windows,DDR4,16,Intel,Others,1,15.6,SSD,512,11.141731
195,acer,Windows,DDR4,8,Intel,Others,1,15.6,SSD,512,11.00195
196,Lenovo,Windows,DDR4,8,Intel,Others,2,14.0,SSD,256,10.51843
197,Lenovo,Windows,DDR4,8,Intel,Others,2,15.6,SSD,512,10.59641
198,acer,Windows,DDR4,8,AMD,AMD,1,15.6,SSD,512,10.59641
199,ASUS,Windows,DDR4,8,Intel,Others,1,15.6,HDD,1024,10.545105
200,RedmiBook,Windows,DDR4,8,Intel,Others,1,15.6,SSD,512,10.59641
201,ASUS,Windows,DDR5,16,AMD,Others,1,15.6,SSD,1024,12.190913
202,Lenovo,Windows,DDR4,4,Intel,Others,1,14.0,SSD,256,10.163965
203,Others,Windows,Others,16,Intel,Others,1,14.0,SSD,512,11.082143
204,HP,Windows,DDR4,8,AMD,AMD,1,15.6,SSD,512,11.018481
205,ASUS,Windows,DDR4,8,Intel,Others,1,15.6,SSD,512,10.51843
206,Lenovo,Windows,DDR4,8,AMD,AMD,2,15.6,SSD,512,10.56375
207,ASUS,Windows,DDR4,16,AMD,Others,1,15.6,SSD,1024,11.361998
208,Others,Windows,Others,8,Intel,Others,1,15.6,SSD,256,11.00195
209,APPLE,Mac,Others,16,Others,Others,1,15.6,SSD,512,12.314887
210,Lenovo,Windows,DDR4,8,AMD,AMD,2,15.6,SSD,512,10.479848
211,ASUS,Windows,DDR4,16,AMD,Others,1,15.6,SSD,1024,11.924975
212,DELL,Windows,DDR5,16,Intel,Others,1,15.6,SSD,1024,12.368548
213,DELL,Windows,DDR4,8,Intel,Others,1,15.6,SSD,512,10.571086
214,ASUS,Windows,DDR4,16,AMD,AMD,1,15.6,SSD,512,11.1271305
215,MSI,Windows,DDR4,16,Intel,Others,2,15.6,SSD,512,11.289669
216,Lenovo,Windows,DDR4,8,Intel,Others,2,14.0,SSD,256,10.51843
217,RedmiBook,Windows,DDR4,8,Intel,Others,1,15.6,SSD,512,10.59641
218,ASUS,Windows,DDR4,16,AMD,AMD,1,15.6,SSD,512,11.1271305
219,MSI,Windows,DDR4,16,Intel,Others,2,15.6,SSD,512,11.289669
220,ASUS,Windows,DDR5,16,AMD,Others,1,15.6,SSD,1024,12.190913
221,Lenovo,Windows,DDR4,8,AMD,AMD,2,15.6,SSD,512,10.56375
222,ASUS,Windows,Others,16,Intel,Others,1,15.6,SSD,512,11.407465
223,ASUS,Windows,DDR5,32,Intel,Others,1,15.6,SSD,1024,12.396656
224,ASUS,Windows,DDR4,8,Intel,Others,1,14.0,SSD,512,10.680309
225,Others,Windows,DDR4,8,Intel,Others,1,14.0,SSD,256,10.757711
226,ASUS,Windows,DDR4,16,AMD,Others,1,15.6,SSD,1024,11.361998
227,Lenovo,Windows,DDR4,8,AMD,AMD,2,15.6,SSD,512,10.479848
228,Others,Windows,DDR4,8,AMD,AMD,2,15.6,SSD,512,10.621108
229,APPLE,Mac,DDR4,8,Others,Others,1,14.0,SSD,256,11.461537
230,ASUS,Windows,DDR4,16,AMD,Others,1,15.6,SSD,1024,11.924975
231,Lenovo,Windows,DDR4,8,Intel,Others,2,15.6,SSD,512,10.59641
232,MSI,Windows,DDR4,16,Intel,Others,2,15.6,SSD,1024,11.652609
233,APPLE,Mac,Others,8,Others,Others,1,15.6,SSD,256,11.711702
234,ASUS,Windows,DDR4,8,Intel,Others,1,15.6,HDD,1024,10.545105
235,ASUS,Windows,DDR4,8,Intel,Intel,1,15.6,SSD,256,10.239638
236,ASUS,Windows,DDR5,16,AMD,Others,1,15.6,SSD,1024,12.180709
237,Lenovo,Windows,DDR4,8,AMD,AMD,2,15.6,SSD,512,10.714218
238,DELL,Windows,DDR4,8,AMD,AMD,1,15.6,SSD,512,10.601398
239,Lenovo,Windows,DDR4,8,AMD,Others,1,15.6,SSD,512,10.462846
240,Lenovo,Windows,DDR4,8,Intel,Others,2,15.6,SSD,512,10.59641
241,RedmiBook,Windows,DDR4,8,Intel,Others,1,15.6,SSD,512,10.59641
242,ASUS,Windows,Others,16,Intel,Others,1,14.0,SSD,1024,11.461537
243,Lenovo,Windows,DDR4,8,Intel,Others,1,15.6,SSD,512,11.156122
244,ASUS,Windows,DDR4,8,Intel,Others,1,15.6,SSD,512,11.00195
245,ASUS,Windows,DDR4,16,Intel,Others,1,15.6,SSD,512,11.112313
246,ASUS,Windows,DDR5,16,AMD,Others,1,15.6,SSD,1024,12.190913
247,Lenovo,Windows,DDR4,8,AMD,AMD,2,15.6,SSD,512,10.56375
248,ASUS,Windows,Others,16,Intel,Others,1,15.6,SSD,512,11.56163
249,DELL,Windows,DDR4,8,Intel,Others,1,14.0,SSD,256,10.913287
250,ASUS,Windows,DDR4,16,AMD,Others,1,15.6,SSD,1024,11.361998
251,Lenovo,Windows,DDR4,8,AMD,AMD,2,15.6,SSD,512,10.479848
252,Lenovo,Windows,DDR4,16,AMD,Others,2,15.6,SSD,1024,11.82767
253,DELL,Windows,DDR4,8,AMD,AMD,1,15.6,SSD,512,10.782803
254,ASUS,Windows,DDR4,16,Intel,Others,1,15.6,SSD,512,11.225123
255,acer,Windows,DDR4,8,Intel,Others,1,15.6,SSD,512,11.018481
256,ASUS,Windows,DDR4,16,AMD,Others,1,15.6,SSD,1024,11.924975
257,Lenovo,Windows,DDR4,8,Intel,Others,2,14.0,SSD,256,10.51843
258,HP,Windows,DDR4,8,AMD,AMD,1,14.0,SSD,512,10.819598
259,DELL,Windows,DDR4,8,Intel,NVIDIA,1,15.6,SSD,512,11.1271305
260,ASUS,Windows,DDR5,16,AMD,Others,1,15.6,SSD,1024,12.180709
261,Lenovo,Windows,DDR4,8,AMD,AMD,2,15.6,SSD,512,10.714218
262,Lenovo,Windows,DDR4,8,Intel,Others,2,15.6,SSD,512,10.968216
263,Infinix,Windows,Others,8,Intel,Others,1,14.0,SSD,256,10.308653
264,ASUS,Windows,Others,16,AMD,Others,1,15.6,SSD,1024,11.652609
265,HP,Windows,DDR4,8,AMD,AMD,1,15.6,SSD,512,10.433851
266,RedmiBook,Windows,DDR4,8,Intel,Others,1,15.6,SSD,512,10.59641
267,ASUS,Windows,DDR5,16,AMD,Others,1,15.6,SSD,1024,12.190913
268,ASUS,Windows,DDR4,16,AMD,AMD,1,15.6,SSD,512,11.082005
269,Lenovo,Windows,DDR4,16,Intel,Others,1,15.6,SSD,512,11.289669
270,Lenovo,Windows,DDR4,8,AMD,AMD,2,15.6,SSD,512,10.56375
271,ASUS,Windows,DDR4,16,AMD,Others,1,15.6,SSD,1024,11.361998
272,Infinix,Windows,Others,8,Intel,Others,1,14.0,SSD,256,10.274741
273,ASUS,Windows,DDR4,8,AMD,Others,1,15.6,SSD,512,10.950648
274,HP,Windows,DDR4,16,AMD,AMD,1,14.0,SSD,512,11.314364
275,MSI,Windows,DDR4,16,Intel,Others,2,15.6,SSD,1024,11.775221
276,Lenovo,Windows,DDR4,8,AMD,AMD,2,15.6,SSD,512,10.479848
277,ASUS,Windows,DDR4,16,AMD,Others,1,15.6,SSD,1024,11.924975
278,DELL,Windows,DDR4,8,AMD,Others,1,15.6,HDD,1024,10.571086
279,HP,Windows,DDR4,16,AMD,Others,1,15.6,HDD,1024,11.289669
280,Lenovo,Windows,DDR4,8,Intel,Others,2,14.0,SSD,256,10.51843
281,Lenovo,Windows,DDR4,8,Intel,Others,2,15.6,SSD,512,10.59641
282,APPLE,Mac,Others,8,Others,Others,1,15.6,SSD,512,11.849334
283,ASUS,Windows,DDR5,16,Intel,Others,1,15.6,SSD,1024,11.608154
284,ASUS,Windows,DDR5,16,AMD,Others,1,15.6,SSD,1024,11.951122
285,Lenovo,Windows,DDR4,16,Intel,Others,1,15.6,SSD,512,11.050747
286,ASUS,Windows,DDR5,16,AMD,Others,1,15.6,SSD,1024,12.180709
287,Lenovo,Windows,DDR4,8,AMD,AMD,2,15.6,SSD,512,10.714218
288,ASUS,Windows,DDR4,8,Intel,Others,1,14.0,SSD,512,10.778769
289,DELL,Windows,DDR4,8,AMD,AMD,1,15.6,SSD,512,10.684371
290,ASUS,Windows,DDR5,16,AMD,Others,1,15.6,SSD,1024,11.820344
291,Lenovo,Windows,DDR4,8,Intel,Others,2,14.0,SSD,256,10.51843
292,ASUS,Windows,DDR5,16,AMD,AMD,1,15.6,SSD,512,11.502784
293,Infinix,Windows,Others,16,Intel,Others,1,15.6,SSD,512,10.757711
294,ASUS,Windows,DDR4,8,Intel,Others,1,15.6,SSD,256,10.491024
295,Lenovo,Windows,DDR4,8,Intel,Others,2,15.6,SSD,512,10.59641
296,ASUS,Windows,DDR5,16,Intel,Others,1,15.6,SSD,1024,11.608154
297,APPLE,Mac,Others,8,Others,Others,1,15.6,SSD,512,11.849334
298,DELL,Windows,DDR4,8,Intel,Others,1,15.6,SSD,512,11.222185
299,RedmiBook,Windows,DDR4,8,Intel,Others,1,15.6,SSD,512,10.59641
300,HP,Windows,DDR4,8,AMD,AMD,1,15.6,SSD,512,10.616437
301,ASUS,Windows,DDR4,16,Intel,Others,1,15.6,SSD,512,11.1489525
302,ASUS,Windows,DDR4,8,Intel,Others,1,14.0,SSD,512,10.59641
303,Lenovo,Windows,DDR4,8,AMD,AMD,2,15.6,SSD,512,10.56375
304,ASUS,Windows,Others,16,AMD,AMD,1,15.6,SSD,512,11.5128355
305,APPLE,Mac,Others,16,Others,Others,1,15.6,SSD,1024,12.396656
306,acer,Windows,DDR4,8,Intel,Others,1,15.6,SSD,512,10.621108
307,ASUS,Windows,DDR5,16,AMD,Others,1,15.6,SSD,1024,12.190913
308,HP,Windows,DDR4,8,Intel,Others,1,15.6,SSD,512,11.008595
309,HP,Windows,DDR4,8,Intel,Others,1,15.6,HDD,1024,11.156122
310,ASUS,Windows,DDR4,8,Intel,Others,1,15.6,SSD,256,10.714218
311,ASUS,Windows,DDR4,16,AMD,Others,1,15.6,SSD,1024,11.361998
312,ASUS,Windows,DDR4,8,Intel,Others,1,15.6,SSD,256,10.714218
313,HP,Windows,DDR4,8,Intel,Others,1,15.6,SSD,512,11.008595
314,ASUS,Windows,DDR4,16,Intel,Others,1,15.6,SSD,512,11.1489525
315,HP,Windows,DDR4,8,AMD,AMD,1,15.6,SSD,512,10.616437
316,Lenovo,Windows,DDR4,8,Intel,Others,2,15.6,SSD,512,10.59641
317,RedmiBook,Windows,DDR4,8,Intel,Others,1,15.6,SSD,512,10.59641
318,HP,Windows,DDR4,16,AMD,AMD,1,15.6,SSD,512,10.932946
319,Lenovo,Windows,Others,16,Intel,Others,1,15.6,SSD,512,11.225123
320,ASUS,Windows,DDR5,16,AMD,Others,1,15.6,SSD,1024,12.190913
321,Lenovo,Windows,DDR4,8,AMD,AMD,2,15.6,SSD,512,10.56375
322,HP,Windows,DDR4,8,Intel,Others,1,15.6,HDD,1024,11.156122
323,ASUS,Windows,DDR4,8,Intel,Others,1,15.6,SSD,256,10.714218
324,ASUS,Windows,DDR4,8,Intel,Others,1,15.6,SSD,1024,11.00195
325,APPLE,Mac,Others,16,Others,Others,1,15.6,SSD,512,12.314887
326,ASUS,Windows,DDR4,16,AMD,Others,1,15.6,SSD,1024,11.361998
327,Lenovo,Windows,DDR4,8,AMD,AMD,2,15.6,SSD,512,10.479848
328,DELL,Windows,DDR4,8,Intel,Others,1,15.6,SSD,512,11.222185
329,ASUS,Windows,DDR5,16,Intel,Others,1,15.6,SSD,1024,11.608154
330,ASUS,Windows,DDR4,16,AMD,Others,1,15.6,SSD,1024,11.924975
331,Lenovo,Windows,DDR4,8,Intel,Others,2,14.0,SSD,256,10.51843
332,acer,Windows,DDR4,8,AMD,AMD,1,15.6,SSD,512,11.050747
333,acer,Windows,DDR4,8,Intel,Others,1,15.6,SSD,512,10.621108
334,MSI,Windows,DDR4,8,Intel,Others,2,15.6,SSD,512,10.976782
335,Lenovo,Windows,DDR4,8,Intel,Others,1,15.6,HDD,1024,11.097274
336,Lenovo,Windows,DDR4,8,Intel,Others,2,14.0,SSD,256,10.51843
337,RedmiBook,Windows,DDR4,8,Intel,Others,1,15.6,SSD,512,10.59641
338,DELL,Windows,DDR5,16,Intel,Others,1,15.6,SSD,512,11.626174
339,Lenovo,Windows,DDR4,16,Intel,Others,1,15.6,SSD,512,11.134458
340,ASUS,Windows,DDR5,16,AMD,Others,1,15.6,SSD,1024,12.190913
341,Lenovo,Windows,DDR4,8,AMD,AMD,2,15.6,SSD,512,10.56375
342,Infinix,Windows,Others,16,Intel,Others,1,15.6,SSD,512,10.757711
343,ASUS,Windows,DDR4,8,Intel,Others,2,14.0,HDD,1024,11.338465
344,acer,Windows,DDR4,8,Intel,Others,1,15.6,SSD,512,10.914925
345,ASUS,Others,Others,4,Intel,Others,1,14.0,SSD,128,9.615206
346,ASUS,Windows,DDR4,16,AMD,Others,1,15.6,SSD,1024,11.361998
347,Lenovo,Windows,DDR4,8,AMD,AMD,2,15.6,SSD,512,10.479848
348,APPLE,Mac,DDR4,8,Others,Others,1,14.0,SSD,1024,11.91833
349,DELL,Windows,DDR4,8,Intel,NVIDIA,1,15.6,SSD,512,11.052334
350,ASUS,Windows,DDR4,16,AMD,Others,1,15.6,SSD,1024,11.924975
351,Lenovo,Windows,DDR4,8,Intel,Others,2,15.6,SSD,512,10.59641
352,MSI,Windows,DDR5,16,Intel,Others,2,15.6,SSD,1024,12.206078
353,Lenovo,Windows,DDR4,8,Intel,Others,1,15.6,SSD,256,10.529185
354,ASUS,Windows,Others,8,Intel,Others,1,14.0,SSD,512,11.066498
355,DELL,Windows,DDR4,4,Intel,Others,1,15.6,SSD,512,10.671069
356,ASUS,Windows,DDR5,16,AMD,Others,1,15.6,SSD,1024,12.180709
357,Lenovo,Windows,DDR4,8,AMD,AMD,2,15.6,SSD,512,10.714218
358,Lenovo,Windows,DDR4,4,Intel,Others,1,15.6,SSD,256,10.707751
359,HP,Windows,DDR4,8,Intel,Others,1,14.0,SSD,256,10.625004
360,Lenovo,Windows,DDR4,8,Intel,Others,2,14.0,SSD,256,10.51843
361,Lenovo,Windows,DDR4,8,Intel,Others,2,15.6,SSD,512,10.59641
362,ASUS,Windows,DDR4,8,AMD,AMD,1,15.6,SSD,256,10.433851
363,MSI,Windows,DDR5,16,Intel,Others,2,15.6,SSD,1024,12.159458
364,ASUS,Windows,Others,16,Intel,Others,1,15.6,SSD,1024,12.07249
365,HP,Windows,DDR4,16,AMD,Others,1,15.6,SSD,1024,11.686803
366,RedmiBook,Windows,DDR4,8,Intel,Others,1,15.6,SSD,512,10.59641
367,ASUS,Windows,DDR5,16,AMD,Others,1,15.6,SSD,1024,12.190913
368,ASUS,Windows,DDR4,16,Intel,Others,1,15.6,SSD,512,11.066341
369,acer,Windows,DDR4,8,AMD,AMD,1,15.6,SSD,512,10.902298
370,Lenovo,Windows,DDR4,8,AMD,AMD,2,15.6,SSD,512,10.56375
371,ASUS,Windows,DDR4,16,AMD,Others,1,15.6,SSD,1024,11.361998
372,DELL,Windows,DDR4,8,AMD,AMD,1,15.6,SSD,256,10.502352
373,ASUS,Windows,DDR4,4,Intel,Others,1,15.6,SSD,256,10.260847
374,DELL,Windows,DDR4,16,AMD,AMD,1,15.6,SSD,512,11.156251
375,ASUS,Windows,DDR5,32,Intel,Others,1,15.6,SSD,1024,12.618153
376,Lenovo,Windows,DDR4,8,AMD,AMD,2,15.6,SSD,512,10.479848
377,ASUS,Windows,DDR4,16,AMD,Others,1,15.6,SSD,1024,11.924975
378,Lenovo,Windows,DDR4,8,Intel,Others,2,15.6,SSD,256,10.518701
379,Lenovo,Windows,DDR4,16,Intel,Others,1,14.0,SSD,512,11.082005
380,Lenovo,Windows,DDR4,8,AMD,AMD,1,15.6,SSD,512,11.204918
381,ASUS,Windows,DDR5,16,AMD,Others,1,15.6,SSD,1024,12.180709
382,DELL,Windows,DDR4,8,Intel,Others,1,15.6,SSD,256,10.661743
383,ASUS,Windows,DDR5,16,AMD,Others,1,15.6,SSD,1024,11.856451
384,Lenovo,Windows,DDR4,4,Intel,Others,1,15.6,SSD,256,10.571086
385,HP,Windows,Others,16,Intel,Others,1,14.0,SSD,512,11.767498
386,acer,Windows,DDR4,8,Intel,Others,1,15.6,SSD,512,10.915089
387,Lenovo,Windows,DDR4,8,Intel,Others,2,14.0,SSD,256,10.51843
388,acer,Windows,DDR4,8,Intel,Others,1,15.6,HDD,1024,11.004281
389,acer,Windows,DDR4,8,Intel,Intel,1,14.0,SSD,256,10.291841
390,DELL,Windows,DDR4,8,Intel,Others,1,15.6,SSD,512,11.191217
391,Lenovo,Windows,DDR4,8,Intel,Others,2,15.6,SSD,512,10.59641
392,Others,Windows,DDR4,16,Intel,Others,2,15.6,SSD,512,11.211699
393,acer,Windows,DDR4,8,Intel,Others,1,15.6,HDD,1024,10.760686
394,Lenovo,Windows,DDR4,8,AMD,AMD,1,14.0,SSD,512,10.925957
395,RedmiBook,Windows,DDR4,8,Intel,Others,1,15.6,SSD,512,10.59641
396,DELL,Windows,DDR4,8,AMD,AMD,1,14.0,SSD,512,10.81358
397,ASUS,Windows,DDR5,32,Intel,Others,1,15.6,SSD,1024,12.388357
398,MSI,Windows,DDR4,16,Intel,Others,2,15.6,SSD,512,11.211699
399,Lenovo,Windows,DDR4,8,AMD,AMD,2,15.6,SSD,512,10.56375
400,HP,Windows,DDR4,8,AMD,AMD,1,15.6,SSD,512,10.868397
401,HP,Windows,DDR4,8,Intel,Others,1,15.6,SSD,512,10.64521
402,ASUS,Windows,DDR4,8,Intel,Intel,1,14.0,SSD,256,10.308653
403,ASUS,Windows,DDR5,16,AMD,Others,1,15.6,SSD,1024,12.190913
404,Others,Windows,DDR4,8,Intel,Others,1,14.0,SSD,512,10.829551
405,acer,Windows,DDR4,16,Intel,Others,1,15.6,HDD,1024,11.477205
406,Infinix,Windows,Others,16,Intel,Others,1,15.6,SSD,512,10.545105
407,ASUS,Windows,DDR4,16,AMD,Others,1,15.6,SSD,1024,11.361998
408,MSI,Windows,Others,16,Intel,Others,1,14.0,SSD,512,11.225123
409,ASUS,Windows,DDR4,8,Intel,Others,1,15.6,SSD,512,10.858826
410,Lenovo,Windows,DDR4,8,Intel,Others,2,14.0,SSD,256,10.51843
411,Lenovo,Windows,DDR4,8,Intel,Others,2,15.6,SSD,512,10.59641
412,ASUS,Windows,DDR4,8,AMD,Others,1,15.6,HDD,1024,11.175297
413,ASUS,Windows,DDR4,16,Intel,Others,1,15.6,SSD,1024,11.527725
414,MSI,Windows,DDR5,32,Intel,Others,2,15.6,SSD,1024,12.524493
415,ASUS,Windows,DDR5,16,AMD,Others,1,15.6,SSD,1024,12.206028
416,RedmiBook,Windows,DDR4,8,Intel,Others,1,15.6,SSD,512,10.59641
417,ASUS,Windows,DDR5,16,AMD,Others,1,15.6,SSD,1024,12.190913
418,DELL,Windows,DDR4,8,Intel,Others,1,15.6,SSD,256,10.623545
419,Lenovo,Windows,DDR4,8,Intel,Others,2,15.6,SSD,256,10.829729
420,Lenovo,Windows,DDR4,8,AMD,AMD,2,15.6,SSD,512,10.56375
421,ASUS,Windows,DDR4,16,AMD,Others,1,15.6,SSD,1024,11.361998
422,HP,Windows,DDR4,8,AMD,AMD,1,15.6,SSD,512,11.276583
423,Lenovo,Windows,Others,16,AMD,AMD,1,14.0,SSD,512,11.1271305
424,ASUS,Windows,DDR4,16,AMD,Others,1,15.6,SSD,1024,12.14415
425,Lenovo,Windows,DDR4,16,Intel,Others,2,14.0,SSD,1024,11.542397
426,Lenovo,Windows,DDR4,8,AMD,AMD,2,15.6,SSD,512,10.479848
427,ASUS,Windows,DDR4,16,AMD,Others,1,15.6,SSD,1024,11.924975
428,ASUS,Others,DDR4,4,Intel,Others,1,15.6,SSD,256,10.491024
429,HP,Windows,DDR4,8,AMD,AMD,1,15.6,SSD,512,10.870015
430,Lenovo,Windows,DDR4,8,AMD,AMD,1,15.6,SSD,512,11.204918
431,ASUS,Windows,DDR5,16,AMD,Others,1,15.6,SSD,1024,12.180709
432,DELL,Windows,DDR4,8,AMD,AMD,1,15.6,SSD,512,10.839404
433,Lenovo,Windows,DDR4,16,Intel,Others,1,15.6,SSD,512,11.004198
434,Lenovo,Windows,DDR4,4,Intel,Others,1,14.0,SSD,256,10.184561
435,HP,Windows,DDR4,8,AMD,AMD,1,15.6,SSD,512,11.292902
436,Lenovo,Windows,DDR4,8,Intel,Others,2,14.0,SSD,256,10.51843
437,Lenovo,Windows,DDR4,8,Intel,Others,2,15.6,SSD,512,10.59641
438,acer,Windows,DDR4,32,Intel,NVIDIA,1,15.6,HDD,1024,11.77529
439,ASUS,Windows,DDR4,8,AMD,Others,1,14.0,SSD,1024,11.251444
440,RedmiBook,Windows,DDR4,8,Intel,Others,1,15.6,SSD,512,10.59641
441,ASUS,Windows,DDR5,16,AMD,Others,1,15.6,SSD,1024,12.190913
442,ASUS,Windows,DDR4,8,Intel,Others,1,15.6,SSD,512,10.51843
443,MSI,Windows,DDR4,16,Intel,Others,2,15.6,SSD,512,11.58795
444,DELL,Windows,DDR4,16,Intel,Others,1,14.0,SSD,512,11.23837
445,ASUS,Windows,Others,16,Intel,Others,1,14.0,SSD,512,11.47201
446,Lenovo,Windows,DDR4,8,AMD,AMD,2,15.6,SSD,512,10.56375
447,ASUS,Windows,DDR4,16,AMD,Others,1,15.6,SSD,1024,11.361998
448,acer,Windows,DDR4,8,Intel,Others,1,15.6,SSD,512,11.034889
449,HP,Windows,DDR4,8,Intel,Intel,1,14.0,SSD,256,10.274741
450,Lenovo,Windows,DDR4,8,AMD,AMD,2,15.6,SSD,512,10.479848
451,ASUS,Windows,DDR4,16,AMD,Others,1,15.6,SSD,1024,11.924975
452,Lenovo,Windows,DDR4,8,Intel,Others,1,15.6,SSD,512,10.914925
453,ASUS,Windows,DDR4,16,Intel,Others,1,15.6,SSD,512,10.950648
454,ASUS,Windows,DDR4,8,Intel,Others,1,14.0,SSD,256,10.736201
455,ASUS,Windows,DDR4,8,Intel,Others,1,14.0,SSD,512,10.551036
456,Lenovo,Windows,DDR4,8,Intel,Others,2,14.0,SSD,256,10.51843
457,Lenovo,Windows,DDR4,8,Intel,Others,2,15.6,SSD,512,10.59641
458,MSI,Windows,DDR4,8,Intel,Others,2,15.6,SSD,512,11.289669
459,DELL,Windows,DDR4,4,Intel,Others,1,15.6,HDD,1024,10.69174
460,RedmiBook,Windows,DDR4,8,Intel,Others,1,15.6,SSD,512,10.59641
461,ASUS,Windows,DDR5,16,AMD,Others,1,15.6,SSD,1024,12.190913
462,HP,Windows,DDR4,16,AMD,Others,1,15.6,SSD,1024,11.592208
463,ASUS,Windows,DDR4,4,Intel,Others,1,15.6,HDD,1024,10.274741
464,MSI,Windows,DDR5,32,Intel,Others,2,15.6,SSD,1024,12.8035
465,DELL,Windows,DDR4,16,Intel,Others,1,15.6,SSD,512,11.115801
466,Lenovo,Windows,DDR4,8,AMD,AMD,2,15.6,SSD,512,10.56375
467,ASUS,Windows,DDR4,16,AMD,Others,1,15.6,SSD,1024,11.361998
468,acer,Windows,DDR4,16,AMD,Others,1,15.6,HDD,1024,11.652609
469,ASUS,Windows,DDR4,4,Intel,Others,1,14.0,HDD,1024,11.022719
470,Lenovo,Windows,DDR4,8,AMD,AMD,2,15.6,SSD,512,10.479848
471,ASUS,Windows,DDR4,16,AMD,Others,1,15.6,SSD,1024,11.924975
472,HP,Windows,DDR4,16,Intel,Others,1,15.6,SSD,512,11.156122
473,Lenovo,Others,DDR4,8,AMD,AMD,1,14.0,SSD,512,11.156122
474,Lenovo,Windows,DDR4,16,Intel,Others,1,15.6,SSD,512,11.289669
475,Lenovo,Windows,DDR4,8,AMD,AMD,1,15.6,SSD,256,10.545105
476,Lenovo,Windows,DDR4,8,AMD,AMD,1,15.6,SSD,512,11.204918
477,ASUS,Windows,DDR5,16,AMD,Others,1,15.6,SSD,1024,12.180709
478,Infinix,Windows,Others,8,Intel,Others,1,15.6,SSD,512,10.51843
479,ASUS,Windows,DDR4,4,Intel,Intel,1,15.6,SSD,128,10.308319
480,Lenovo,Windows,DDR4,8,Intel,Others,2,14.0,SSD,256,10.51843
481,RedmiBook,Windows,DDR4,8,Intel,Others,1,15.6,SSD,512,10.59641
482,ASUS,Windows,Others,16,Intel,Others,1,14.0,SSD,512,11.47201
483,DELL,Windows,DDR4,8,AMD,AMD,1,15.6,SSD,512,10.6358795
484,DELL,Windows,DDR4,16,Intel,Others,1,15.6,SSD,512,11.115801
485,ASUS,Windows,DDR4,8,Intel,Others,1,15.6,SSD,512,11.03468
486,ASUS,Windows,DDR5,16,AMD,Others,1,15.6,SSD,1024,12.190913
487,Lenovo,Windows,DDR4,8,AMD,AMD,2,15.6,SSD,512,10.56375
488,ASUS,Windows,DDR4,4,Intel,Others,1,14.0,HDD,1024,11.022719
489,HP,Windows,DDR4,8,AMD,AMD,1,15.6,SSD,256,10.571317
490,ASUS,Windows,DDR4,16,AMD,Others,1,15.6,SSD,1024,11.361998
491,Lenovo,Windows,DDR4,8,AMD,AMD,2,15.6,SSD,512,10.479848
492,Lenovo,Windows,DDR4,4,Intel,Others,1,15.6,SSD,256,10.37321
493,Lenovo,Windows,DDR4,8,AMD,AMD,1,15.6,SSD,256,10.545105
494,ASUS,Windows,DDR4,4,Intel,Intel,1,15.6,SSD,128,10.308319
495,ASUS,Windows,DDR4,8,Intel,Others,1,15.6,SSD,512,10.757711
496,ASUS,Windows,DDR4,16,AMD,Others,1,15.6,SSD,1024,11.924975
497,Lenovo,Windows,DDR4,8,AMD,AMD,1,15.6,SSD,512,11.204918
498,Infinix,Windows,Others,8,Intel,Others,1,14.0,SSD,512,10.545105
499,Infinix,Windows,Others,8,Intel,Others,1,15.6,SSD,512,10.51843
500,Lenovo,Windows,DDR4,8,Intel,Others,2,15.6,SSD,512,10.59641
501,ASUS,Windows,DDR5,16,AMD,Others,1,15.6,SSD,1024,12.180709
502,acer,Windows,DDR4,8,AMD,Others,1,15.6,HDD,1024,11.026646
503,HP,Windows,DDR4,16,AMD,Others,1,15.6,SSD,1024,11.608154
504,HP,Windows,DDR4,8,AMD,AMD,1,15.6,SSD,512,10.914925
505,Lenovo,Windows,DDR4,8,AMD,AMD,2,14.0,SSD,512,10.839404
506,Lenovo,Windows,DDR4,8,Intel,Others,2,14.0,SSD,256,10.51843
507,RedmiBook,Windows,DDR4,8,Intel,Others,1,15.6,SSD,512,10.59641
508,MSI,Windows,DDR4,8,Intel,Others,2,15.6,HDD,1024,11.037966
509,ASUS,Others,Others,4,Intel,Others,1,15.6,SSD,128,10.10197
510,ASUS,Windows,DDR5,16,AMD,Others,1,15.6,SSD,1024,12.190913
511,Lenovo,Windows,DDR4,8,AMD,AMD,2,15.6,SSD,512,10.56375
512,Lenovo,Windows,DDR4,8,Intel,Others,2,15.6,HDD,1024,10.51843
513,HP,Windows,DDR4,16,AMD,Others,1,15.6,SSD,1024,11.982873
514,ASUS,Windows,DDR4,4,Intel,Others,1,15.6,SSD,256,10.448454
515,ASUS,Windows,DDR4,16,AMD,Others,1,15.6,SSD,512,11.5128355
516,ASUS,Windows,DDR4,16,AMD,Others,1,15.6,SSD,1024,11.361998
517,Lenovo,Windows,DDR4,8,AMD,AMD,2,15.6,SSD,512,10.479848
518,ASUS,Windows,Others,8,Intel,Others,1,15.6,SSD,512,11.289669
519,Infinix,Windows,Others,4,Intel,Intel,1,14.0,SSD,128,9.951849
520,ASUS,Windows,DDR4,16,AMD,Others,1,15.6,SSD,1024,11.924975
521,Lenovo,Windows,DDR4,8,Intel,Others,2,15.6,SSD,512,10.59641
522,HP,Windows,DDR4,8,Intel,Others,1,15.6,HDD,1024,10.633232
523,DELL,Windows,DDR5,16,AMD,Others,1,15.6,SSD,1024,12.238453
524,ASUS,Windows,DDR4,8,AMD,Others,1,15.6,SSD,512,11.00195
525,acer,Windows,DDR4,16,Intel,Others,1,15.6,SSD,512,11.050747
526,ASUS,Windows,DDR5,16,AMD,Others,1,15.6,SSD,1024,12.180709
527,Lenovo,Windows,DDR4,8,AMD,AMD,2,15.6,SSD,512,10.714218
528,ASUS,Windows,DDR5,16,AMD,Others,1,15.6,SSD,1024,12.180709
529,ASUS,Windows,DDR4,8,AMD,Others,1,15.6,HDD,1024,11.050747
530,RedmiBook,Windows,DDR4,8,Intel,Others,1,15.6,SSD,512,10.59641
531,ASUS,Windows,DDR5,16,AMD,Others,1,15.6,SSD,1024,12.190913
532,Lenovo,Windows,DDR4,8,AMD,AMD,1,15.6,SSD,512,11.034744
533,ASUS,Windows,DDR5,16,AMD,Others,1,15.6,SSD,1024,11.57111
534,acer,Windows,DDR5,16,Intel,Others,1,15.6,SSD,1024,11.954343
535,Others,Windows,Others,4,Intel,Intel,1,14.0,SSD,128,9.903037
536,Lenovo,Windows,DDR4,8,AMD,AMD,2,15.6,SSD,512,10.56375
537,ASUS,Windows,DDR4,16,AMD,Others,1,15.6,SSD,1024,11.361998
538,Lenovo,Windows,DDR4,4,Intel,Others,1,15.6,HDD,1024,10.419301
539,Infinix,Windows,Others,8,Intel,Others,1,15.6,SSD,512,10.668746
540,Lenovo,Windows,DDR4,8,AMD,AMD,2,15.6,SSD,512,10.479848
541,ASUS,Windows,DDR4,16,AMD,Others,1,15.6,SSD,1024,11.924975
542,HP,Windows,DDR4,8,Intel,Others,1,15.6,SSD,512,11.066498
543,acer,Windows,DDR4,16,Intel,Others,1,15.6,SSD,1024,11.735997
544,ASUS,Windows,DDR4,4,Intel,Others,1,15.6,SSD,128,9.998388
545,Lenovo,Windows,DDR4,4,Intel,Intel,1,14.0,SSD,256,10.312314
546,Lenovo,Windows,DDR4,8,Intel,Others,2,14.0,SSD,256,10.51843
547,Lenovo,Windows,DDR4,8,Intel,Others,2,15.6,SSD,512,10.59641
548,HP,Windows,DDR5,32,Intel,Others,1,15.6,SSD,1024,12.206028
549,acer,Windows,DDR4,8,Intel,Others,1,15.6,HDD,1024,11.020775
550,ASUS,Windows,DDR5,16,AMD,Others,1,15.6,SSD,1024,12.180709
551,Lenovo,Windows,DDR4,8,AMD,AMD,2,15.6,SSD,512,10.714218
552,Lenovo,Windows,DDR4,8,Intel,Others,1,15.6,HDD,1024,10.621108
553,ASUS,Windows,DDR4,8,Intel,Others,1,15.6,SSD,1024,11.23837
554,HP,Windows,DDR4,8,Intel,Others,1,15.6,SSD,512,10.755581
555,Lenovo,Windows,DDR4,8,Intel,Others,1,15.6,SSD,256,10.529185
556,Lenovo,Windows,DDR4,8,Intel,Others,2,14.0,SSD,256,10.51843
557,Lenovo,Windows,DDR4,8,Intel,Others,2,15.6,SSD,512,10.59641
558,Lenovo,Windows,DDR4,16,Intel,Others,1,15.6,SSD,512,11.134458
559,ASUS,Windows,DDR4,4,Intel,Others,1,15.6,SSD,128,9.903037
560,RedmiBook,Windows,DDR4,8,Intel,Others,1,15.6,SSD,512,10.59641
561,ASUS,Windows,DDR5,16,AMD,Others,1,15.6,SSD,1024,12.190913
562,ASUS,Windows,DDR4,16,Intel,Others,1,14.0,SSD,512,11.407465
563,DELL,Windows,DDR4,8,Intel,Others,1,15.6,SSD,512,10.9986105
564,MSI,Windows,DDR4,16,Intel,Others,2,15.6,SSD,1024,11.743966
565,ASUS,Windows,DDR5,32,AMD,Others,1,15.6,SSD,1024,12.42918
566,Lenovo,Windows,DDR4,8,AMD,AMD,2,15.6,SSD,512,10.56375
567,ASUS,Windows,DDR4,16,AMD,Others,1,15.6,SSD,1024,11.361998
568,ASUS,Windows,DDR5,16,AMD,Others,1,15.6,SSD,1024,11.91833
569,DELL,Windows,DDR4,8,Intel,Intel,1,15.6,SSD,256,10.51843
570,Lenovo,Windows,DDR4,8,AMD,AMD,2,15.6,SSD,512,10.479848
571,ASUS,Windows,DDR4,16,AMD,Others,1,15.6,SSD,1024,11.924975
572,ASUS,Windows,DDR4,16,Intel,Others,1,15.6,SSD,512,11.361998
573,HP,Windows,DDR4,8,AMD,AMD,1,14.0,SSD,512,11.018481
574,DELL,Windows,DDR5,8,Intel,Others,1,15.6,SSD,512,11.383966
575,Lenovo,Windows,DDR4,4,AMD,Others,1,15.6,HDD,1024,10.221614
576,DELL,Windows,DDR4,8,Intel,Intel,1,15.6,SSD,256,10.51843
577,ASUS,Windows,DDR5,32,AMD,Others,1,15.6,SSD,1024,12.42918
578,ASUS,Windows,DDR5,16,AMD,Others,1,15.6,SSD,1024,11.91833
579,RedmiBook,Windows,DDR4,8,Intel,Others,1,15.6,SSD,512,10.59641
580,HP,Windows,DDR4,8,AMD,Others,1,14.0,HDD,1024,10.275051
581,DELL,Windows,DDR5,8,Intel,Others,1,15.6,SSD,512,11.383966
582,acer,Windows,DDR4,16,Intel,Others,1,15.6,HDD,1024,11.678364
583,Lenovo,Windows,DDR4,8,AMD,AMD,2,15.6,SSD,512,10.56375
584,ASUS,Windows,DDR4,16,Intel,Others,1,15.6,SSD,512,11.361998
585,DELL,Windows,DDR4,8,Intel,Others,1,15.6,HDD,1024,11.02676
586,HP,Windows,DDR4,8,AMD,AMD,1,15.6,SSD,512,11.1619625
587,ASUS,Windows,DDR5,16,AMD,Others,1,15.6,SSD,1024,12.190913
588,Lenovo,Windows,DDR4,16,Intel,Others,2,15.6,SSD,512,11.141876
589,Lenovo,Windows,DDR4,8,AMD,AMD,1,15.6,SSD,512,11.074281
590,ASUS,Windows,DDR5,16,AMD,Others,1,15.6,SSD,1024,11.91833
591,ASUS,Windows,DDR4,16,AMD,Others,1,15.6,SSD,1024,11.361998
592,HP,Windows,DDR5,8,AMD,AMD,1,15.6,SSD,512,11.478127
593,DELL,Windows,DDR4,16,Intel,Others,1,15.6,SSD,512,11.5326395
594,ASUS,Windows,DDR4,16,Intel,Others,1,14.0,SSD,512,11.407465
595,Lenovo,Windows,DDR4,8,AMD,AMD,2,15.6,SSD,512,10.479848
596,HP,Windows,DDR5,8,AMD,AMD,1,15.6,SSD,512,11.461537
597,MSI,Windows,DDR5,32,Intel,Others,2,15.6,SSD,1024,12.660299
598,DELL,Windows,DDR4,8,Intel,Others,2,15.6,HDD,1024,10.755795
599,ASUS,Windows,DDR4,16,AMD,Others,1,15.6,SSD,1024,11.924975
600,Lenovo,Windows,DDR4,8,Intel,Others,2,14.0,SSD,256,10.51843
601,Lenovo,Windows,DDR4,8,Intel,Others,2,15.6,SSD,512,10.59641
602,ASUS,Windows,DDR5,32,Intel,Others,1,15.6,SSD,1024,12.712863
603,DELL,Windows,DDR5,16,Intel,Others,1,15.6,SSD,1024,11.665569
604,HP,Windows,DDR4,8,AMD,Others,1,15.6,SSD,512,11.07583
605,DELL,Windows,DDR5,16,Intel,Others,1,15.6,SSD,1024,11.834944
606,RedmiBook,Windows,DDR4,8,Intel,Others,1,15.6,SSD,512,10.59641
607,ASUS,Windows,DDR5,16,AMD,Others,1,15.6,SSD,1024,12.190913
608,DELL,Windows,DDR4,8,Intel,Others,1,14.0,SSD,512,10.927574
609,Lenovo,Windows,DDR4,16,Intel,Others,1,15.6,SSD,512,11.608154
610,Lenovo,Windows,DDR4,8,AMD,AMD,2,15.6,SSD,512,10.56375
611,ASUS,Windows,DDR4,16,AMD,Others,1,15.6,SSD,1024,11.361998
612,ASUS,Windows,DDR4,8,Intel,Others,1,15.6,HDD,1024,11.289669
613,ASUS,Windows,DDR4,16,AMD,Others,1,15.6,SSD,1024,11.779136
614,ASUS,Windows,DDR5,32,AMD,Others,1,15.6,SSD,1024,12.799375
615,ASUS,Windows,DDR5,16,AMD,Others,1,15.6,SSD,1024,12.264299
616,Lenovo,Windows,DDR4,8,AMD,AMD,2,15.6,SSD,512,10.479848
617,ASUS,Windows,DDR4,16,AMD,Others,1,15.6,SSD,1024,11.924975
618,DELL,Windows,DDR4,4,Intel,Others,1,15.6,SSD,256,10.593906
619,MSI,Windows,DDR4,16,Intel,Others,2,15.6,SSD,1024,11.849334
620,Lenovo,Windows,DDR4,8,AMD,AMD,1,15.6,SSD,512,11.204918
621,ASUS,Windows,DDR5,16,AMD,Others,1,15.6,SSD,1024,12.180709
622,MSI,Windows,DDR4,16,Intel,Others,2,15.6,HDD,1024,11.5128355
623,HP,Windows,DDR4,16,Intel,Others,1,14.0,SSD,512,11.107975
624,DELL,Windows,DDR4,8,Intel,Others,1,15.6,HDD,1024,11.141731
625,DELL,Windows,DDR4,32,Intel,Others,1,15.6,SSD,1024,12.8035
626,Lenovo,Windows,DDR4,8,Intel,Others,2,14.0,SSD,256,10.51843
627,Lenovo,Windows,DDR4,8,Intel,Others,2,15.6,SSD,512,10.59641
628,DELL,Windows,DDR4,32,Intel,NVIDIA,1,15.6,SSD,1024,12.752433
629,HP,Windows,DDR4,16,Intel,Others,1,15.6,SSD,512,11.569523
630,RedmiBook,Windows,DDR4,8,Intel,Others,1,15.6,SSD,512,10.59641
631,ASUS,Windows,DDR5,16,AMD,Others,1,15.6,SSD,1024,12.190913
632,Lenovo,Others,Others,4,Intel,Others,1,14.0,SSD,128,10.257343
633,Lenovo,Windows,DDR4,16,Intel,Others,1,15.6,SSD,512,11.112313
634,acer,Windows,DDR4,8,Intel,Others,1,15.6,SSD,512,11.373663
635,ASUS,Windows,DDR4,8,Intel,Others,1,15.6,SSD,256,10.51843
636,Lenovo,Windows,DDR4,8,AMD,AMD,2,15.6,SSD,512,10.56375
637,ASUS,Windows,DDR4,16,AMD,Others,1,15.6,SSD,1024,11.361998
638,Lenovo,Windows,DDR4,4,Intel,Intel,1,15.6,SSD,256,10.054104
639,DELL,Windows,DDR4,8,Intel,Others,1,14.0,SSD,256,10.654692
640,Lenovo,Windows,DDR4,8,AMD,AMD,2,15.6,SSD,512,10.479848
641,ASUS,Windows,DDR4,16,AMD,Others,1,15.6,SSD,1024,11.924975
642,Lenovo,Windows,DDR4,8,Intel,Others,1,14.0,SSD,512,10.98514
643,ASUS,Windows,DDR4,16,Intel,NVIDIA,1,15.6,SSD,1024,11.617205
644,acer,Windows,DDR4,32,Intel,NVIDIA,1,15.6,HDD,1024,11.219775
645,DELL,Windows,DDR4,8,AMD,NVIDIA,1,15.6,SSD,512,11.184297
646,ASUS,Windows,DDR5,16,AMD,Others,1,15.6,SSD,1024,12.180709
647,Lenovo,Windows,DDR4,8,AMD,AMD,2,15.6,SSD,512,10.714218
648,Lenovo,Windows,DDR4,16,Intel,Others,2,14.0,SSD,512,11.350301
649,ASUS,Windows,Others,16,AMD,Others,1,15.6,SSD,1024,11.695172
650,Lenovo,Windows,DDR4,8,Intel,Others,2,14.0,SSD,256,10.51843
651,Lenovo,Windows,DDR4,8,Intel,Others,2,15.6,SSD,512,10.59641
652,MSI,Windows,DDR4,32,Intel,Others,2,15.6,SSD,1024,12.278352
653,MSI,Windows,DDR4,8,Intel,Others,1,14.0,SSD,512,10.795301
654,DELL,Windows,DDR4,16,AMD,AMD,1,15.6,SSD,512,11.238502
655,ASUS,Windows,Others,32,AMD,Others,1,15.6,SSD,1024,12.323815
656,RedmiBook,Windows,DDR4,8,Intel,Others,1,15.6,SSD,512,10.59641
657,ASUS,Windows,DDR5,16,AMD,Others,1,15.6,SSD,1024,12.190913
658,Infinix,Windows,Others,8,Intel,Others,1,15.6,SSD,512,10.819598
659,ASUS,Windows,Others,16,Intel,Others,1,15.6,SSD,512,12.013646
660,Lenovo,Windows,DDR4,8,AMD,AMD,2,15.6,SSD,512,10.56375
661,ASUS,Windows,DDR4,16,AMD,Others,1,15.6,SSD,1024,11.361998
662,HP,Windows,DDR4,8,AMD,AMD,1,15.6,SSD,256,10.357457
663,DELL,Windows,DDR4,8,Intel,Others,1,15.6,SSD,512,10.78058
664,ASUS,Windows,DDR4,16,AMD,Others,1,15.6,SSD,1024,11.951122
665,ASUS,Windows,DDR4,32,Intel,Others,1,15.6,SSD,1024,12.323815
666,Lenovo,Windows,DDR4,8,AMD,AMD,2,15.6,SSD,512,10.479848
667,ASUS,Windows,DDR4,16,AMD,Others,1,15.6,SSD,1024,11.924975
668,ASUS,Windows,DDR4,8,Intel,Others,1,15.6,HDD,1024,10.714218
669,ASUS,Windows,DDR4,8,Intel,Others,1,15.6,SSD,512,11.097274
670,Lenovo,Windows,DDR4,8,AMD,AMD,1,15.6,SSD,512,11.204918
671,ASUS,Windows,DDR5,16,AMD,Others,1,15.6,SSD,1024,12.180709
672,ASUS,Windows,DDR4,8,Intel,Others,1,14.0,HDD,1024,10.37321
673,Lenovo,Windows,DDR4,8,Intel,Others,2,14.0,SSD,256,10.570829
674,HP,Windows,DDR4,8,AMD,AMD,1,15.6,SSD,512,11.141731
675,DELL,Windows,DDR4,8,Intel,Others,1,15.6,SSD,256,10.671069
676,Lenovo,Windows,DDR4,8,Intel,Others,2,15.6,SSD,512,10.59641
677,RedmiBook,Windows,DDR4,8,Intel,Others,1,15.6,SSD,512,10.59641
678,ASUS,Windows,DDR4,16,AMD,Others,1,15.6,SSD,1024,11.951122
679,ASUS,Windows,DDR4,8,Intel,Others,1,15.6,SSD,512,11.097274
680,ASUS,Windows,DDR5,16,AMD,Others,1,15.6,SSD,1024,12.190913
681,Lenovo,Windows,DDR4,8,AMD,AMD,2,15.6,SSD,512,10.56375
682,DELL,Windows,DDR4,8,Intel,Others,1,15.6,SSD,512,10.806673
683,DELL,Windows,DDR5,16,Intel,Others,1,15.6,SSD,512,12.309419
684,Lenovo,Windows,DDR4,8,AMD,AMD,1,15.6,SSD,512,11.211699
685,DELL,Windows,DDR4,16,AMD,AMD,1,15.6,SSD,512,11.264349
686,ASUS,Windows,DDR4,16,AMD,Others,1,15.6,SSD,1024,11.361998
687,Lenovo,Windows,DDR4,8,AMD,AMD,2,15.6,SSD,512,10.479848
688,DELL,Windows,DDR4,16,Intel,NVIDIA,1,15.6,SSD,1024,12.277421
689,DELL,Windows,DDR4,16,Intel,NVIDIA,1,15.6,SSD,512,12.206028
690,ASUS,Windows,DDR4,16,AMD,Others,1,15.6,SSD,1024,11.924975
691,Lenovo,Windows,DDR4,8,Intel,Others,2,14.0,SSD,256,10.51843
692,DELL,Windows,DDR4,8,Intel,Others,1,15.6,SSD,512,10.78058
693,DELL,Windows,DDR4,8,AMD,AMD,1,15.6,SSD,512,10.866948
694,ASUS,Windows,DDR5,16,Intel,Others,1,15.6,SSD,1024,12.100662
695,ASUS,Others,Others,4,Intel,Others,1,14.0,SSD,128,10.165505
696,Lenovo,Windows,DDR4,8,Intel,Others,2,14.0,SSD,256,10.51843
697,Lenovo,Windows,DDR4,8,Intel,Others,2,15.6,SSD,512,10.59641
698,DELL,Windows,DDR4,16,Intel,Others,1,14.0,SSD,512,11.297452
699,ASUS,Windows,DDR5,16,AMD,Others,1,15.6,SSD,1024,11.957554
700,RedmiBook,Windows,DDR4,8,Intel,Others,1,15.6,SSD,512,10.59641
701,ASUS,Windows,DDR5,16,AMD,Others,1,15.6,SSD,1024,12.190913
702,Infinix,Windows,Others,16,Intel,Others,1,15.6,SSD,512,10.819598
703,Lenovo,Windows,DDR4,16,Intel,Others,2,15.6,SSD,1024,11.970293
704,ASUS,Windows,DDR5,16,Intel,Others,1,15.6,SSD,512,11.440258
705,ASUS,Windows,DDR5,16,AMD,Others,1,15.6,SSD,1024,12.055198
706,Lenovo,Windows,DDR4,8,AMD,AMD,2,15.6,SSD,512,10.56375
707,ASUS,Windows,DDR4,16,AMD,Others,1,15.6,SSD,1024,11.361998
708,ASUS,Windows,DDR4,8,Intel,Others,1,15.6,HDD,1024,10.714218
709,ASUS,Windows,Others,16,AMD,Others,1,15.6,SSD,1024,11.931577
710,Lenovo,Windows,DDR4,8,AMD,AMD,2,15.6,SSD,512,10.479848
711,ASUS,Windows,DDR4,16,AMD,Others,1,15.6,SSD,1024,11.924975
712,ASUS,Windows,Others,16,Intel,Others,2,14.0,SSD,1024,12.363038
713,DELL,Windows,DDR5,16,Intel,Others,1,15.6,SSD,512,11.246235
714,HP,Windows,DDR4,16,AMD,AMD,1,15.6,SSD,512,11.407576
715,ASUS,Others,Others,4,Intel,Others,1,14.0,SSD,128,10.064373
716,Lenovo,Windows,DDR4,8,AMD,AMD,1,15.6,SSD,512,11.204918
717,ASUS,Windows,DDR5,16,AMD,Others,1,15.6,SSD,1024,12.180709
718,ASUS,Windows,Others,16,Intel,Others,1,14.0,SSD,512,11.743966
719,Lenovo,Windows,DDR4,8,Intel,Others,1,15.6,HDD,1024,10.839404
